<?xml version="1.0" encoding="utf-8" ?>

<x:xmpmeta xmlns:x="adobe:ns:meta/" x:xmptk="XMP toolkit 3.0-28, framework 1.6">
<rdf:RDF xmlns:rdf="http://www.w3.org/1999/02/22-rdf-syntax-ns#" xmlns:iX="http://ns.adobe.com/iX/1.0/">
<rdf:Description rdf:about="uuid:0f410648-9396-11d9-bb8e-a67e6693b6e9" xmlns:xmpPLUS="XMP Photographic Licensing Universal System (xmpPLUS, http://ns.adobe.com/xap/1.0/PLUS/)">
<xmpPLUS:CreditLineReq>False</xmpPLUS:CreditLineReq>
<xmpPLUS:ReuseAllowed>False</xmpPLUS:ReuseAllowed>
<xmpPLUS:Chilkat>Blah2 blah2</xmpPLUS:Chilkat>
</rdf:Description>
<rdf:Description rdf:about="uuid:0f410648-9396-11d9-bb8e-a67e6693b6e9" xmlns:Iptc4xmpCore="http://iptc.org/std/Iptc4xmpCore/1.0/xmlns/">
<Iptc4xmpCore:IntellectualGenre>Profile</Iptc4xmpCore:IntellectualGenre>
<Iptc4xmpCore:Location>Lake Superior</Iptc4xmpCore:Location>
<Iptc4xmpCore:CountryCode>US</Iptc4xmpCore:CountryCode>
<Iptc4xmpCore:CreatorContactInfo rdf:parseType="Resource">
<Iptc4xmpCore:CiAdrExtadr>John Doe Photography, 123 Maple Lane</Iptc4xmpCore:CiAdrExtadr>
<Iptc4xmpCore:CiAdrCity>Champaign</Iptc4xmpCore:CiAdrCity>
<Iptc4xmpCore:CiAdrRegion>Illinois</Iptc4xmpCore:CiAdrRegion>
<Iptc4xmpCore:CiAdrPcode>61820</Iptc4xmpCore:CiAdrPcode>
<Iptc4xmpCore:CiAdrCtry>USA</Iptc4xmpCore:CiAdrCtry>
<Iptc4xmpCore:CiTelWork>+1 (217) 1234567</Iptc4xmpCore:CiTelWork>
<Iptc4xmpCore:CiEmailWork>john@doe.com</Iptc4xmpCore:CiEmailWork>
<Iptc4xmpCore:CiUrlWork>www.doe.com</Iptc4xmpCore:CiUrlWork>
</Iptc4xmpCore:CreatorContactInfo>
<Iptc4xmpCore:SubjectCode>
<rdf:Bag>
<rdf:li>14024001</rdf:li>
</rdf:Bag>
</Iptc4xmpCore:SubjectCode>
<Iptc4xmpCore:Scene>
<rdf:Bag>
<rdf:li>012300</rdf:li>
</rdf:Bag>
</Iptc4xmpCore:Scene>
<Iptc4xmpCore:Chilkat>Blah blah</Iptc4xmpCore:Chilkat>
</rdf:Description>
<rdf:Description rdf:about="uuid:0f410648-9396-11d9-bb8e-a67e6693b6e9" xmlns:exif="http://ns.adobe.com/exif/1.0/">
<exif:ColorSpace>1</exif:ColorSpace>
<exif:PixelXDimension>288</exif:PixelXDimension>
<exif:PixelYDimension>432</exif:PixelYDimension>
</rdf:Description>
<rdf:Description rdf:about="uuid:0f410648-9396-11d9-bb8e-a67e6693b6e9" xmlns:pdf="http://ns.adobe.com/pdf/1.3/">
<pdf:Chilkat>Blah3 blah3</pdf:Chilkat>
</rdf:Description>
<rdf:Description rdf:about="uuid:0f410648-9396-11d9-bb8e-a67e6693b6e9" xmlns:photoshop="http://ns.adobe.com/photoshop/1.0/">
<photoshop:AuthorsPosition>Photographer</photoshop:AuthorsPosition>
<photoshop:Headline>Young boy yelling</photoshop:Headline>
<photoshop:CaptionWriter>John Doe</photoshop:CaptionWriter>
<photoshop:DateCreated>2004-08-19</photoshop:DateCreated>
<photoshop:City>Marquette</photoshop:City>
<photoshop:State>Michigan</photoshop:State>
<photoshop:Country>United States</photoshop:Country>
<photoshop:TransmissionReference>PO 34567</photoshop:TransmissionReference>
<photoshop:Instructions>Original RAW capture Nikon D2X, Adobe RGB 1998.</photoshop:Instructions>
<photoshop:Credit>John Doe Photography</photoshop:Credit>
<photoshop:Source>John Doe Photography</photoshop:Source>
<photoshop:History></photoshop:History>
</rdf:Description>
<rdf:Description rdf:about="uuid:0f410648-9396-11d9-bb8e-a67e6693b6e9" xmlns:tiff="http://ns.adobe.com/tiff/1.0/">
<tiff:XResolution>72/1</tiff:XResolution>
<tiff:YResolution>72/1</tiff:YResolution>
<tiff:ResolutionUnit>2</tiff:ResolutionUnit>
<tiff:Orientation>1</tiff:Orientation>
</rdf:Description>
<rdf:Description rdf:about="uuid:0f410648-9396-11d9-bb8e-a67e6693b6e9" xmlns:xap="http://ns.adobe.com/xap/1.0/">
<xap:CreateDate>2005-03-13T02:02:29-06:00</xap:CreateDate>
<xap:ModifyDate>2005-03-13T02:02:29-06:00</xap:ModifyDate>
<xap:MetadataDate>2005-03-13T02:02:29-06:00</xap:MetadataDate>
<xap:CreatorTool>Adobe Photoshop CS Windows</xap:CreatorTool>
</rdf:Description>
<rdf:Description rdf:about="uuid:0f410648-9396-11d9-bb8e-a67e6693b6e9" xmlns:stRef="http://ns.adobe.com/xap/1.0/sType/ResourceRef#" xmlns:xapMM="http://ns.adobe.com/xap/1.0/mm/">
<xapMM:DerivedFrom rdf:parseType="Resource">
<stRef:instanceID>uuid:f5b64171-9394-11d9-bb8e-a67e6693b6e9</stRef:instanceID>
<stRef:documentID>adobe:docid:photoshop:e4d002a4-9392-11d9-bb8e-a67e6693b6e9</stRef:documentID>
</xapMM:DerivedFrom>
<xapMM:DocumentID>adobe:docid:photoshop:0f410647-9396-11d9-bb8e-a67e6693b6e9</xapMM:DocumentID>
</rdf:Description>
<rdf:Description rdf:about="uuid:0f410648-9396-11d9-bb8e-a67e6693b6e9" xmlns:xapRights="http://ns.adobe.com/xap/1.0/rights/">
<xapRights:Marked>True</xapRights:Marked>
<xapRights:WebStatement>http://www.doe.com</xapRights:WebStatement>
<xapRights:RightsUsageTerms>
<rdf:Alt>
<rdf:li xml:lang="x-default">For consideration only, no reproduction without prior permission</rdf:li>
</rdf:Alt>
</xapRights:RightsUsageTerms>
<xapRights:UsageTerms>
<rdf:Alt>
<rdf:li xml:lang="x-default">For consideration only, no reproduction without prior permission</rdf:li>
</rdf:Alt>
</xapRights:UsageTerms>
</rdf:Description>
<rdf:Description rdf:about="uuid:0f410648-9396-11d9-bb8e-a67e6693b6e9" xmlns:dc="http://purl.org/dc/elements/1.1/">
<dc:format>image/jpeg</dc:format>
<dc:description>
<rdf:Alt>
<rdf:li xml:lang="x-default">Three year old African American boy yells with joy on beach during vacation.</rdf:li>
</rdf:Alt>
</dc:description>
<dc:title>
<rdf:Alt>
<rdf:li xml:lang="x-default">20040819_pe_014578d.nef</rdf:li>
</rdf:Alt>
</dc:title>
<dc:rights>
<rdf:Alt>
<rdf:li xml:lang="x-default">©2004 John Doe, all rights reserved</rdf:li>
</rdf:Alt>
</dc:rights>
<dc:creator>
<rdf:Seq>
<rdf:li>John Doe</rdf:li>
</rdf:Seq>
</dc:creator>
<dc:subject>
<rdf:Bag>
<rdf:li>boy</rdf:li>
<rdf:li>gender</rdf:li>
<rdf:li>human beings</rdf:li>
<rdf:li>humans</rdf:li>
<rdf:li>lad</rdf:li>
<rdf:li>male</rdf:li>
<rdf:li>people</rdf:li>
<rdf:li>3-12 years old</rdf:li>
<rdf:li>age</rdf:li>
<rdf:li>child</rdf:li>
<rdf:li>youth</rdf:li>
<rdf:li>african american</rdf:li>
<rdf:li>african-american</rdf:li>
<rdf:li>black</rdf:li>
<rdf:li>ethnic</rdf:li>
<rdf:li>ethnicity</rdf:li>
<rdf:li>people of color</rdf:li>
<rdf:li>race</rdf:li>
<rdf:li>beach</rdf:li>
<rdf:li>nature</rdf:li>
<rdf:li>scenery</rdf:li>
<rdf:li>emotion</rdf:li>
<rdf:li>emotional</rdf:li>
<rdf:li>emotions</rdf:li>
<rdf:li>happiness</rdf:li>
<rdf:li>happy</rdf:li>
<rdf:li>joy</rdf:li>
<rdf:li>joyful</rdf:li>
<rdf:li>joyous</rdf:li>
</rdf:Bag>
</dc:subject>
</rdf:Description>
<rdf:Description rdf:about="uuid:0f410648-9396-11d9-bb8e-a67e6693b6e9" xmlns:chilkat="http://www.chilkatsoft.com/">
<chilkat:Testing>Test 123 ABC</chilkat:Testing>
</rdf:Description>
</rdf:RDF>
</x:xmpmeta>
